{
  "ARI": 2.3818682074601475e-05,
  "Silhouette": 0.10720200394118037,
  "cluster_sizes": [
    7867,
    7760,
    5373
  ]
}